,Date,Open,High,Low,Close,Volume,Week,Quarter,Month Name,Day Name,Day,Month
755,2020-01-02,154.365,156.231,153.928,156.133,23282199.176481,1,1,January,Thursday,2,1
754,2020-01-03,153.918,155.517,153.66,154.216,21726044.903921,1,1,January,Friday,3,1
753,2020-01-06,152.688,154.683,152.141,154.613,21422624.757354,2,1,January,Monday,6,1
752,2020-01-07,154.9,155.249,152.925,153.183,22507852.025438,2,1,January,Tuesday,7,1
751,2020-01-08,154.514,156.301,153.551,155.656,28556393.263876,2,1,January,Wednesday,8,1
750,2020-01-09,157.324,157.691,156.53,157.572,22012278.712898,2,1,January,Thursday,9,1
749,2020-01-10,158.296,158.694,156.677,156.837,21327215.502269,2,1,January,Friday,10,1
748,2020-01-13,157.254,158.783,156.757,158.753,22256116.802566,3,1,January,Monday,13,1
747,2020-01-14,158.852,159.061,157.214,157.612,24173221.434165,3,1,January,Tuesday,14,1
746,2020-01-15,158.097,159.399,158.049,158.654,22030710.057714,3,1,January,Wednesday,15,1
745,2020-01-16,159.776,161.613,159.489,161.543,24548230.50342,3,1,January,Thursday,16,1
744,2020-01-17,162.764,162.813,160.819,162.456,35355150.069155,3,1,January,Friday,17,1
743,2020-01-21,162.049,163.508,161.801,161.87,30361779.650123,4,1,January,Tuesday,21,1
742,2020-01-22,162.744,162.833,161.056,161.076,24829471.188765,4,1,January,Wednesday,22,1
741,2020-01-23,161.563,162.168,160.659,162.089,20243901.072954,4,1,January,Thursday,23,1
740,2020-01-24,162.853,162.873,159.875,160.431,25631109.78458,4,1,January,Friday,24,1
739,2020-01-27,156.649,158.842,155.754,157.76,32995930.881823,5,1,January,Monday,27,1
738,2020-01-28,159.239,161.126,158.545,160.849,25612413.523179,5,1,January,Tuesday,28,1
737,2020-01-29,163.181,164.065,161.066,163.36,36132897.822457,5,1,January,Wednesday,29,1
736,2020-01-30,169.207,169.207,166.03,167.976,53073852.144564,5,1,January,Thursday,30,1
735,2020-01-31,167.42,167.609,164.858,165.495,37176857.533118,5,1,January,Friday,31,1
734,2020-02-03,165.682,169.644,165.652,169.534,31011720.763746,6,1,February,Monday,3,2
733,2020-02-04,172.225,175.62,171.401,175.113,37475822.447524,6,1,February,Tuesday,4,2
732,2020-02-05,178.906,179.075,173.436,174.896,40307580.299169,6,1,February,Wednesday,5,2
731,2020-02-06,175.947,178.698,175.054,178.509,28545444.049856,6,1,February,Thursday,6,2
730,2020-02-07,177.755,180.465,177.397,178.767,34488457.831292,6,1,February,Friday,7,2
729,2020-02-10,178.459,183.592,178.152,183.453,36869894.75677,7,1,February,Monday,10,2
728,2020-02-11,185.349,185.399,178.379,179.313,54680994.297942,7,1,February,Tuesday,11,2
727,2020-02-12,180.416,180.683,176.792,179.582,48409554.460273,7,1,February,Wednesday,12,2
726,2020-02-13,177.982,181.051,177.775,178.589,36305770.500336,7,1,February,Thursday,13,2
725,2020-02-14,178.152,180.256,177.556,180.206,23811905.429801,7,1,February,Friday,14,2
724,2020-02-18,180.445,182.471,180.346,182.004,28650087.108521,8,1,February,Tuesday,18,2
723,2020-02-19,183.334,183.444,181.766,182.56,30771755.694125,8,1,February,Wednesday,19,2
722,2020-02-20,182.231,182.53,176.543,179.789,37813851.98181,8,1,February,Thursday,20,2
721,2020-02-21,178.549,178.876,172.801,174.091,49854838.623472,8,1,February,Friday,21,2
720,2020-02-24,163.548,170.17,159.141,166.596,70074284.772969,9,1,February,Monday,24,2
719,2020-02-25,169.823,170.448,163.428,163.846,69830376.173183,9,1,February,Tuesday,25,2
718,2020-02-26,165.435,168.889,163.985,165.882,57842590.422753,9,1,February,Wednesday,26,2
717,2020-02-27,159.229,162.833,154.008,154.206,95579899.64245,9,1,February,Thursday,27,2
716,2020-02-28,148.567,159.606,148.17,157.929,99579182.157202,9,1,February,Friday,28,2
715,2020-03-02,161.136,168.571,158.227,168.442,72864229.117422,10,1,March,Monday,2,3
714,2020-03-03,169.425,170.587,158.177,160.352,73527117.903265,10,1,March,Tuesday,3,3
713,2020-03-04,164.253,166.408,161.443,166.258,51100172.20895,10,1,March,Wednesday,4,3
712,2020-03-05,161.86,166.576,161.513,162.089,49051489.653654,10,1,March,Thursday,5,3
711,2020-03-06,158.525,159.022,152.061,157.502,74700685.283472,10,1,March,Friday,6,3
710,2020-03-09,147.217,153.78,146.235,146.839,72236908.656903,11,1,March,Monday,9,3
709,2020-03-10,154.186,156.967,148.736,156.857,67041287.015731,11,1,March,Tuesday,10,3
708,2020-03-11,153.164,153.73,147.356,149.758,57962769.88225,11,1,March,Wednesday,11,3
707,2020-03-12,141.647,149.6,135.095,135.562,95632686.538561,11,1,March,Thursday,12,3
706,2020-03-13,143.782,157.83,137.18,154.842,95120888.847896,11,1,March,Friday,13,3
705,2020-03-16,136.485,145.599,131.621,132.008,90174858.922011,12,1,March,Monday,16,3
704,2020-03-17,136.485,143.782,131.621,142.889,83152100.537799,12,1,March,Tuesday,17,3
703,2020-03-18,134.54,142.323,131.641,136.873,83699222.790237,12,1,March,Wednesday,18,3
702,2020-03-19,139.166,146.382,135.503,139.106,88140461.7166,12,1,March,Thursday,19,3
701,2020-03-20,142.323,143.395,132.435,133.895,87056747.394188,12,1,March,Friday,20,3
700,2020-03-23,133.557,137.021,129.189,132.554,81013653.566,13,1,March,Monday,23,3
699,2020-03-24,140.129,145.838,137.717,144.597,84646615.872594,13,1,March,Tuesday,24,3
698,2020-03-25,145.162,150.454,140.803,143.226,77590568.654439,13,1,March,Wednesday,25,3
697,2020-03-26,144.655,152.698,144.625,152.171,66364293.184449,13,1,March,Thursday,26,3
696,2020-03-27,147.932,151.01,145.45,145.936,58514643.509344,13,1,March,Friday,27,3
695,2020-03-30,148.597,156.54,146.245,156.172,65057304.544607,14,1,March,Monday,30,3
694,2020-03-31,155.407,160.619,152.608,153.74,79938611.988087,14,1,March,Tuesday,31,3
693,2020-04-01,149.144,153.78,147.039,148.269,59466221.870843,14,2,April,Wednesday,1,4
692,2020-04-02,148.032,151.585,146.582,151.367,50911783.275986,14,2,April,Thursday,2,4
691,2020-04-03,151.218,153.412,148.349,149.957,42307839.527363,14,2,April,Friday,3,4
690,2020-04-06,156.261,162.317,153.61,161.096,68843957.755152,15,2,April,Monday,6,4
689,2020-04-07,165.305,165.712,159.169,159.399,64389207.075627,15,2,April,Tuesday,7,4
688,2020-04-08,161.493,162.486,159.409,160.956,49565404.662431,15,2,April,Wednesday,8,4
687,2020-04-09,162.178,163.171,159.239,160.966,52759311.545118,15,2,April,Thursday,9,4
686,2020-04-13,160.212,161.393,158.217,161.334,42986905.348823,16,2,April,Monday,13,4
685,2020-04-14,164.739,169.376,163.776,169.327,54239109.403734,16,2,April,Tuesday,14,4
684,2020-04-15,166.894,169.197,164.978,167.559,41997580.906648,16,2,April,Wednesday,15,4
683,2020-04-16,169.921,172.83,168.551,172.593,51782569.129836,16,2,April,Thursday,16,4
682,2020-04-17,174.985,175.47,171.441,174.1,54127590.601289,16,2,April,Friday,17,4
681,2020-04-20,172.195,174.25,170.577,170.647,37616096.28333,17,2,April,Monday,20,4
680,2020-04-21,169.127,169.297,161.93,163.598,57654456.3335,17,2,April,Tuesday,21,4
679,2020-04-22,167.072,169.624,166.527,169.147,35546016.929119,17,2,April,Wednesday,22,4
678,2020-04-23,169.734,170.647,166.615,167.102,33637187.163498,17,2,April,Thursday,23,4
677,2020-04-24,167.737,170.18,166.417,170.17,35190796.020804,17,2,April,Friday,24,4
676,2020-04-27,172.156,172.453,168.929,169.674,34051184.298795,18,2,April,Monday,27,4
675,2020-04-28,171.163,171.241,165.128,165.534,35280425.460795,18,2,April,Tuesday,28,4
674,2020-04-29,168.86,173.198,167.559,172.98,52610347.840925,18,2,April,Wednesday,29,4
673,2020-04-30,175.47,175.868,171.798,174.697,55266479.090946,18,2,April,Thursday,30,4
672,2020-05-01,171.371,174.14,169.634,170.19,40386689.629574,18,2,May,Friday,1,5
671,2020-05-04,170.111,174.499,169.425,174.34,31156833.608215,19,2,May,Monday,4,5
670,2020-05-05,176.077,179.025,175.373,176.216,37790044.744151,19,2,May,Tuesday,5,5
669,2020-05-06,177.487,179.572,177.07,177.944,32968866.076716,19,2,May,Wednesday,6,5
668,2020-05-07,179.542,179.919,177.982,178.976,29046874.738616,19,2,May,Thursday,7,5
667,2020-05-08,180.336,180.356,178.738,180.049,31710542.51295,19,2,May,Friday,8,5
666,2020-05-11,178.529,182.788,178.242,182.024,31690050.258117,20,2,May,Monday,11,5
665,2020-05-12,182.083,182.321,177.705,177.914,32865154.758896,20,2,May,Tuesday,12,5
664,2020-05-13,177.952,179.422,172.106,175.233,45865562.501737,20,2,May,Wednesday,13,5
663,2020-05-14,173.079,176.147,171.251,175.987,42954742.662195,20,2,May,Thursday,14,5
662,2020-05-15,174.547,182.341,172.553,178.539,47813471.996552,20,2,May,Friday,15,5
661,2020-05-18,181.081,181.517,179.333,180.266,36217941.082925,21,2,May,Monday,18,5
660,2020-05-19,180.386,181.894,178.866,179.006,27490844.362405,21,2,May,Tuesday,19,5
659,2020-05-20,180.663,181.676,179.819,181.498,31979174.981928,21,2,May,Wednesday,20,5
658,2020-05-21,181.249,182.471,179.175,179.313,29788171.782833,21,2,May,Thursday,21,5
657,2020-05-22,179.075,180.326,178.429,179.392,21305137.777072,21,2,May,Friday,22,5
656,2020-05-26,182.143,182.301,177.04,177.487,36901952.68551,22,2,May,Tuesday,26,5
655,2020-05-27,176.157,177.904,172.642,177.725,40424561.621177,22,2,May,Wednesday,27,5
654,2020-05-28,176.682,180.019,176.335,177.338,34608688.662446,22,2,May,Thursday,28,5
653,2020-05-29,178.619,180.137,176.355,179.135,43114517.582032,22,2,May,Friday,29,5
652,2020-06-01,178.429,178.886,177.387,178.718,23189354.475113,23,2,June,Monday,1,6
651,2020-06-02,180.117,180.852,177.288,180.763,31501708.667662,23,2,June,Tuesday,2,6
650,2020-06-03,180.673,181.756,179.462,181.209,27938146.448241,23,2,June,Wednesday,3,6
649,2020-06-04,180.166,181.666,178.212,178.806,29422255.496922,23,2,June,Thursday,4,6
648,2020-06-05,178.509,183.512,177.924,182.996,40809705.008948,23,2,June,Friday,5,6
647,2020-06-08,181.756,184.328,180.306,184.138,33974214.446824,24,2,June,Monday,8,6
646,2020-06-09,183.781,186.412,183.056,185.548,30467831.903858,24,2,June,Tuesday,9,6
645,2020-06-10,186.828,194.066,186.72,192.428,44879749.463433,24,2,June,Wednesday,10,6
644,2020-06-11,188.794,191.366,181.884,182.073,54068352.029391,24,2,June,Thursday,11,6
643,2020-06-12,186.253,187.414,181.031,183.522,44369557.388881,24,2,June,Friday,12,6
642,2020-06-15,180.435,186.53,179.889,184.704,33522833.854313,25,2,June,Monday,15,6
641,2020-06-16,188.557,191.187,187.157,189.231,43533867.442565,25,2,June,Tuesday,16,6
640,2020-06-17,190.641,191.921,189.35,189.877,26277680.514569,25,2,June,Wednesday,17,6
639,2020-06-18,189.648,192.09,189.648,191.921,23591202.717099,25,2,June,Thursday,18,6
638,2020-06-19,194.136,194.8,190.006,190.76,45461624.1384,25,2,June,Friday,19,6
637,2020-06-22,191.396,196.26,190.839,196.071,33572537.443698,26,2,June,Monday,22,6
636,2020-06-23,197.56,199.357,196.915,197.382,31627390.938217,26,2,June,Tuesday,23,6
635,2020-06-24,197.084,198.702,192.159,193.4,37584307.300325,26,2,June,Wednesday,24,6
634,2020-06-25,193.36,196.111,191.078,195.843,28442382.432406,26,2,June,Thursday,25,6
633,2020-06-26,195.237,195.396,190.492,191.931,55931277.693694,26,2,June,Friday,26,6
632,2020-06-29,191.386,194.076,189.211,193.986,27314722.175378,27,2,June,Monday,29,6
631,2020-06-30,193.44,199.804,193.302,198.93,35098136.660317,27,2,June,Tuesday,30,6
630,2020-07-01,198.592,201.721,197.242,200.102,32797414.681356,27,3,July,Wednesday,1,7
629,2020-07-02,201.054,203.348,200.399,201.631,29988927.183186,27,3,July,Thursday,2,7
628,2020-07-06,204.132,206.396,203.418,205.97,32630081.076881,28,3,July,Monday,6,7
627,2020-07-07,205.72,209.841,203.318,203.577,34372292.412078,28,3,July,Tuesday,7,7
626,2020-07-08,205.343,208.48,204.013,208.064,34371568.172438,28,3,July,Wednesday,8,7
625,2020-07-09,211.489,211.539,206.733,209.494,33882241.049057,28,3,July,Thursday,9,7
624,2020-07-10,208.819,209.255,206.346,208.857,26778738.506992,28,3,July,Friday,10,7
623,2020-07-13,209.652,210.962,201.869,202.435,39011299.124371,29,3,July,Monday,13,7
622,2020-07-14,201.501,204.152,197.501,203.675,38455024.658632,29,3,July,Tuesday,14,7
621,2020-07-15,204.838,206.594,200.429,203.368,32918331.47523,29,3,July,Wednesday,15,7
620,2020-07-16,200.777,201.074,197.769,199.327,30628166.875491,29,3,July,Thursday,16,7
619,2020-07-17,199.874,200.439,196.875,198.335,32361709.495338,29,3,July,Friday,17,7
618,2020-07-20,200.399,207.537,198.464,206.863,37731807.415928,30,3,July,Monday,20,7
617,2020-07-21,208.857,209.127,203.358,204.053,38980784.359926,30,3,July,Tuesday,21,7
616,2020-07-22,204.5,207.537,203.715,207.011,50744767.974327,30,3,July,Wednesday,22,7
615,2020-07-23,202.554,206.187,197.619,197.998,69006022.239247,30,3,July,Thursday,23,7
614,2020-07-24,195.922,198.315,193.083,196.785,40741519.710379,30,3,July,Friday,24,7
613,2020-07-27,196.955,199.377,196.359,199.258,30853437.636544,31,3,July,Monday,27,7
612,2020-07-28,199.029,200.102,197.212,197.491,23785298.940462,31,3,July,Tuesday,28,7
611,2020-07-29,197.958,200.052,197.481,199.466,20083418.030073,31,3,July,Wednesday,29,7
610,2020-07-30,196.498,199.864,195.078,199.308,25655488.154194,31,3,July,Thursday,30,7
609,2020-07-31,199.804,200.499,194.523,200.409,52424754.130493,31,3,July,Friday,31,7
608,2020-08-03,206.783,212.759,205.711,211.677,80796662.70736,32,3,August,Monday,3,8
607,2020-08-04,209.344,209.94,205.582,208.5,50411652.995257,32,3,August,Tuesday,4,8
606,2020-08-05,210.069,210.169,206.833,208.173,29521289.979353,32,3,August,Wednesday,5,8
605,2020-08-06,207.577,211.529,206.813,211.509,33406728.872343,32,3,August,Thursday,6,8
604,2020-08-07,210.019,210.863,206.197,207.717,28459249.459892,32,3,August,Friday,7,8
603,2020-08-10,206.933,207.14,201.721,203.577,37559567.314535,33,3,August,Monday,10,8
602,2020-08-11,202.524,203.011,198.592,198.812,37283364.07347,33,3,August,Tuesday,11,8
601,2020-08-12,200.677,205.552,200.152,204.49,28685265.61362,33,3,August,Wednesday,12,8
600,2020-08-13,204.718,206.614,203.478,204.023,23107568.782092,33,3,August,Thursday,13,8
599,2020-08-14,204.063,204.867,202.871,204.202,18371320.558936,33,3,August,Friday,14,8
598,2020-08-17,204.877,206.456,204.211,205.552,20648250.409549,34,3,August,Monday,17,8
597,2020-08-18,205.8,207.597,204.51,206.753,21826100.775774,34,3,August,Tuesday,18,8
596,2020-08-19,207.26,207.846,205.036,205.483,28193808.07739,34,3,August,Wednesday,19,8
595,2020-08-20,205.323,210.685,204.698,210.267,27534485.088938,34,3,August,Thursday,20,8
594,2020-08-21,209.553,211.906,208.57,208.739,36992276.14652,34,3,August,Friday,21,8
593,2020-08-24,210.476,211.201,208.173,209.384,25981971.153036,35,3,August,Monday,24,8
592,2020-08-25,208.819,212.253,208.819,212.114,23515993.603501,35,3,August,Tuesday,25,8
591,2020-08-26,213.514,217.635,212.998,216.701,40412476.186971,35,3,August,Wednesday,26,8
590,2020-08-27,218.428,226.51,214.993,222.031,58782795.502235,35,3,August,Thursday,27,8
589,2020-08-28,223.601,226.003,222.031,224.325,26831788.305114,35,3,August,Friday,28,8
588,2020-08-31,222.448,224.116,219.799,220.99,29363902.330648,36,3,August,Monday,31,8
587,2020-09-01,220.97,222.896,219.917,222.717,26319846.572351,36,3,September,Tuesday,1,9
586,2020-09-02,223.391,228.187,222.797,227.006,34779350.344487,36,3,September,Wednesday,2,9
585,2020-09-03,224.663,224.703,210.645,212.939,59597246.793757,36,3,September,Thursday,3,9
584,2020-09-04,210.784,213.971,201.064,209.94,60886931.243383,36,3,September,Friday,4,9
583,2020-09-08,202.365,205.81,198.146,198.602,54009054.027538,37,3,September,Tuesday,8,9
582,2020-09-09,203.428,210.526,202.564,207.06,46615212.980349,37,3,September,Wednesday,9,9
581,2020-09-10,209.107,210.426,200.002,201.244,36188324.818837,37,3,September,Thursday,10,9
580,2020-09-11,203.051,204.431,197.202,199.923,34309140.528638,37,3,September,Friday,11,9
579,2020-09-14,200.132,204.986,199.923,201.284,30998341.972522,38,3,September,Monday,14,9
578,2020-09-15,204.221,205.562,202.791,204.569,22271240.215565,38,3,September,Tuesday,15,9
577,2020-09-16,206.396,206.426,200.529,200.926,26912985.742294,38,3,September,Wednesday,16,9
576,2020-09-17,196.032,200.221,195.942,198.832,34708343.633915,38,3,September,Thursday,17,9
575,2020-09-18,198.742,199.546,192.309,196.369,56357210.177375,38,3,September,Friday,18,9
574,2020-09-21,193.242,198.652,192.438,198.484,40656201.460451,39,3,September,Monday,21,9
573,2020-09-22,200.936,203.924,198.026,203.248,34204022.030321,39,3,September,Tuesday,22,9
572,2020-09-23,203.725,203.924,196.012,196.568,31435126.970632,39,3,September,Wednesday,23,9
571,2020-09-24,195.833,201.442,195.188,199.099,31842012.656896,39,3,September,Thursday,24,9
570,2020-09-25,199.446,204.828,198.484,203.646,30040651.391092,39,3,September,Friday,25,9
569,2020-09-28,206.654,208.302,203.884,205.225,32660900.04212,40,3,September,Monday,28,9
568,2020-09-29,205.135,205.85,202.674,203.091,24965890.135698,40,3,September,Tuesday,29,9
567,2020-09-30,203.557,207.727,202.405,206.108,34522439.678963,40,3,September,Wednesday,30,9
566,2020-10-01,209.195,209.682,207.09,208.203,27715049.413392,40,4,October,Thursday,1,10
565,2020-10-02,203.825,206.763,201.412,202.058,33834314.314643,40,4,October,Friday,2,10
564,2020-10-05,203.071,206.187,202.841,206.157,21768765.97706,41,4,October,Monday,5,10
563,2020-10-06,204.608,205.96,200.707,201.779,29139499.851331,41,4,October,Tuesday,6,10
562,2020-10-07,202.921,205.89,202.584,205.612,26207406.101935,41,4,October,Wednesday,7,10
561,2020-10-08,206.287,206.962,204.123,206.356,20334231.584975,41,4,October,Thursday,8,10
560,2020-10-09,207.001,211.539,207.001,211.489,27000323.603455,41,4,October,Friday,9,10
559,2020-10-12,214.388,219.372,212.452,216.949,41290654.523037,42,4,October,Monday,12,10
558,2020-10-13,218.259,220.671,215.985,218.399,29544211.81139,42,4,October,Tuesday,13,10
557,2020-10-14,218.528,219.709,214.725,216.412,23932373.980782,42,4,October,Wednesday,14,10
556,2020-10-15,212.739,215.917,211.667,215.251,23198995.222803,42,4,October,Thursday,15,10
555,2020-10-16,215.738,217.832,214.914,215.251,26591958.212004,42,4,October,Friday,16,10
554,2020-10-19,215.975,217.842,209.414,209.91,28192053.382743,43,4,October,Monday,19,10
553,2020-10-20,211.479,213.008,208.809,210.337,23219862.188547,43,4,October,Tuesday,20,10
552,2020-10-21,208.837,212.561,208.837,210.486,23190669.992457,43,4,October,Wednesday,21,10
551,2020-10-22,209.622,211.706,207.447,210.576,22809560.790716,43,4,October,Thursday,22,10
550,2020-10-23,210.714,211.936,208.867,211.886,19266559.321669,43,4,October,Friday,23,10
549,2020-10-26,209.543,211.986,203.924,205.86,37872190.038774,44,4,October,Monday,26,10
548,2020-10-27,207.35,210.357,206.108,208.957,37452524.897286,44,4,October,Tuesday,27,10
547,2020-10-28,203.498,204.628,198.046,198.622,52244884.834343,44,4,October,Wednesday,28,10
546,2020-10-29,199.962,203.188,199.268,200.608,32076798.254714,44,4,October,Thursday,29,10
545,2020-10-30,199.397,200.181,195.605,198.415,37738047.56136,44,4,October,Friday,30,10
544,2020-11-02,200.181,201.154,196.101,198.275,31474296.348404,45,4,November,Monday,2,11
543,2020-11-03,199.784,203.944,199.029,202.296,28075911.131139,45,4,November,Tuesday,3,11
542,2020-11-04,209.712,213.931,208.153,212.035,43178989.011964,45,4,November,Wednesday,4,11
541,2020-11-05,217.585,219.61,216.701,218.815,36819625.071868,45,4,November,Thursday,5,11
540,2020-11-06,217.802,219.847,213.653,219.242,25749040.978603,45,4,November,Friday,6,11
539,2020-11-09,219.927,223.541,213.514,214.0,45304857.98602,46,4,November,Monday,9,11
538,2020-11-10,210.189,212.143,205.503,206.783,44947857.200871,46,4,November,Tuesday,10,11
537,2020-11-11,208.133,213.663,207.944,212.193,30044199.057309,46,4,November,Wednesday,11,11
536,2020-11-12,212.849,214.705,210.149,211.122,22059153.839268,46,4,November,Thursday,12,11
535,2020-11-13,212.016,213.057,209.851,212.153,19012148.743468,46,4,November,Friday,13,11
534,2020-11-16,210.556,213.376,210.209,212.869,25464781.452927,47,4,November,Monday,16,11
533,2020-11-17,211.756,213.316,209.771,210.149,24649168.759035,47,4,November,Tuesday,17,11
532,2020-11-18,209.9,211.409,207.25,207.38,28878705.085599,47,4,November,Wednesday,18,11
531,2020-11-19,207.677,209.285,206.257,208.7,25234825.798184,47,4,November,Thursday,19,11
530,2020-11-20,208.49,209.533,206.327,206.713,23250435.375663,47,4,November,Friday,20,11
529,2020-11-23,207.27,208.57,204.5,206.436,26141470.076126,48,4,November,Monday,23,11
528,2020-11-24,205.92,210.496,205.195,210.109,34585624.802888,48,4,November,Tuesday,24,11
527,2020-11-25,211.349,211.529,208.739,210.119,21387569.141316,48,4,November,Wednesday,25,11
526,2020-11-27,211.092,212.482,210.287,211.469,14770980.262026,48,4,November,Friday,27,11
525,2020-11-30,210.347,211.002,207.15,210.317,33654331.195019,49,4,November,Monday,30,11
524,2020-12-01,210.754,213.523,209.602,212.422,31482855.269427,49,4,December,Tuesday,1,12
523,2020-12-02,211.122,211.687,209.067,211.599,24147540.641945,49,4,December,Wednesday,2,12
522,2020-12-03,210.853,212.59,209.9,210.486,25568854.386924,49,4,December,Thursday,3,12
521,2020-12-04,210.466,211.609,209.434,210.605,25105859.77071,49,4,December,Friday,4,12
520,2020-12-07,210.615,211.756,209.245,210.536,25041786.219301,50,4,December,Monday,7,12
519,2020-12-08,210.219,213.106,209.156,212.223,23683109.633899,50,4,December,Tuesday,8,12
518,2020-12-09,211.399,211.459,207.517,208.094,32998019.995887,50,4,December,Wednesday,9,12
517,2020-12-10,208.064,209.334,206.684,206.843,26938745.102932,50,4,December,Thursday,10,12
516,2020-12-11,206.376,209.572,205.443,209.514,31531835.62646,50,4,December,Friday,11,12
515,2020-12-14,209.245,212.422,209.146,210.446,29311882.987535,51,4,December,Monday,14,12
514,2020-12-15,211.399,211.639,208.52,210.377,27499866.635632,51,4,December,Tuesday,15,12
513,2020-12-16,210.992,216.245,210.962,215.44,35647753.96364,51,4,December,Wednesday,16,12
512,2020-12-17,216.005,217.018,214.1,215.578,33095573.765842,51,4,December,Thursday,17,12
511,2020-12-18,214.755,215.848,212.233,214.755,64484605.25055,51,4,December,Friday,18,12
510,2020-12-21,213.743,220.077,213.484,218.696,37844876.43368,52,4,December,Monday,21,12
509,2020-12-22,218.795,221.674,217.972,220.017,23047151.683939,52,4,December,Tuesday,22,12
508,2020-12-23,219.212,219.639,216.929,217.148,19033072.117307,52,4,December,Wednesday,23,12
507,2020-12-24,217.545,219.689,217.326,218.855,10738699.012107,52,4,December,Thursday,24,12
506,2020-12-28,220.504,222.071,219.123,221.01,18253267.483138,53,4,December,Monday,28,12
505,2020-12-29,222.35,223.214,219.659,220.205,17713529.654618,53,4,December,Tuesday,29,12
504,2020-12-30,221.277,221.674,217.595,217.802,20633812.959269,53,4,December,Wednesday,30,12
503,2020-12-31,217.822,219.104,215.838,218.528,21315552.121483,53,4,December,Thursday,31,12
502,2021-01-04,218.637,219.104,211.052,213.881,37792207.390195,1,1,January,Monday,4,1
501,2021-01-05,213.464,214.686,211.916,214.08,24247740.555895,1,1,January,Tuesday,5,1
500,2021-01-06,208.461,212.7,208.233,208.53,36571332.757324,1,1,January,Wednesday,6,1
499,2021-01-07,210.287,215.5,209.96,214.458,28188301.237184,1,1,January,Thursday,7,1
498,2021-01-08,214.845,216.711,213.236,215.778,23365538.106672,1,1,January,Friday,8,1
497,2021-01-11,214.636,215.073,212.939,213.683,23457980.900368,2,1,January,Monday,11,1
496,2021-01-12,212.71,213.306,209.572,211.171,23663895.626776,2,1,January,Tuesday,12,1
495,2021-01-13,210.267,212.969,210.179,212.552,20445253.794734,2,1,January,Wednesday,13,1
494,2021-01-14,212.124,213.653,209.007,209.275,29870018.920386,2,1,January,Thursday,14,1
493,2021-01-15,209.771,210.754,208.322,208.917,32312585.096208,2,1,January,Friday,15,1
492,2021-01-19,209.999,213.186,208.897,212.65,31024365.242458,3,1,January,Tuesday,19,1
491,2021-01-20,213.891,221.834,213.494,220.394,38450868.590827,3,1,January,Wednesday,20,1
490,2021-01-21,220.751,222.34,218.528,221.02,31297848.807547,3,1,January,Thursday,21,1
489,2021-01-22,223.114,226.033,221.844,221.991,30710672.779001,3,1,January,Friday,22,1
488,2021-01-25,225.09,225.745,220.274,225.497,33743230.351647,4,1,January,Monday,25,1
487,2021-01-26,227.81,230.073,226.043,228.267,50046344.103646,4,1,January,Tuesday,26,1
486,2021-01-27,233.826,236.228,226.103,228.812,71116503.891006,4,1,January,Wednesday,27,1
485,2021-01-28,231.483,238.383,230.966,234.749,49986860.760912,4,1,January,Thursday,28,1
484,2021-01-29,231.86,233.846,227.303,227.91,43261012.424813,4,1,January,Friday,29,1
483,2021-02-01,230.936,238.244,228.365,235.454,33908218.991059,5,1,February,Monday,1,2
482,2021-02-02,237.082,238.055,234.511,235.315,26378451.560475,5,1,February,Tuesday,2,2
481,2021-02-03,235.375,240.804,235.068,238.74,27642362.54744,5,1,February,Wednesday,3,2
480,2021-02-04,238.403,238.979,236.158,237.758,25747154.329307,5,1,February,Thursday,4,2
479,2021-02-05,237.975,239.018,236.208,237.946,18376687.386196,5,1,February,Friday,5,2
478,2021-02-08,238.889,239.415,236.595,238.214,22607991.502144,6,1,February,Monday,8,2
477,2021-02-09,237.628,240.477,237.162,239.504,23985140.731145,6,1,February,Tuesday,9,2
476,2021-02-10,240.717,241.6,236.675,238.562,22582316.753649,6,1,February,Wednesday,10,2
475,2021-02-11,240.497,240.864,237.897,240.21,16031915.722018,6,1,February,Thursday,11,2
474,2021-02-12,239.664,241.004,238.472,240.707,16856379.450279,6,1,February,Friday,12,2
473,2021-02-16,240.717,241.808,238.66,239.435,27205083.978505,7,1,February,Tuesday,16,2
472,2021-02-17,237.638,240.587,237.261,240.477,22008872.066916,7,1,February,Wednesday,17,2
471,2021-02-18,238.105,240.21,237.192,240.08,17187775.997049,7,1,February,Thursday,18,2
470,2021-02-19,240.041,240.15,236.516,237.291,25653971.179373,7,1,February,Friday,19,2
469,2021-02-22,233.796,234.303,228.852,230.926,37011576.78036,8,1,February,Monday,22,2
468,2021-02-23,226.807,231.245,225.239,229.716,30639033.491943,8,1,February,Tuesday,23,2
467,2021-02-24,226.5,231.612,225.497,230.966,26747804.710988,8,1,February,Wednesday,24,2
466,2021-02-25,228.545,230.996,224.415,225.487,40154827.179785,8,1,February,Thursday,25,2
465,2021-02-26,227.998,231.781,226.033,228.832,38405127.670067,8,1,February,Friday,26,2
464,2021-03-01,232.307,233.846,229.597,233.319,25725296.192762,9,1,March,Monday,1,3
463,2021-03-02,233.389,233.677,229.885,230.292,23165872.591283,9,1,March,Tuesday,2,3
462,2021-03-03,228.614,230.014,223.799,224.096,34556716.661841,9,1,March,Wednesday,3,3
461,2021-03-04,223.273,228.942,220.831,223.273,45420715.17529,9,1,March,Thursday,4,3
460,2021-03-05,226.013,229.716,223.015,228.068,42521468.060668,9,1,March,Friday,5,3
459,2021-03-08,227.85,229.815,223.67,223.928,35813809.320407,10,1,March,Monday,8,3
458,2021-03-09,229.329,231.791,228.137,230.202,33593019.625655,10,1,March,Tuesday,9,3
457,2021-03-10,233.379,233.379,228.505,228.872,30207654.605302,10,1,March,Wednesday,10,3
456,2021-03-11,231.373,235.524,230.729,233.508,30370917.761401,10,1,March,Thursday,11,3
455,2021-03-12,230.432,232.228,229.676,232.159,23004614.944394,10,1,March,Friday,12,3
454,2021-03-15,231.373,231.592,228.277,231.225,26446126.164332,11,1,March,Monday,15,3
453,2021-03-16,232.684,236.388,232.346,234.084,28527404.539838,11,1,March,Tuesday,16,3
452,2021-03-17,232.556,234.918,229.676,233.419,30020079.560555,11,1,March,Wednesday,17,3
451,2021-03-18,229.012,230.609,226.817,227.204,35392187.019506,11,1,March,Thursday,18,3
450,2021-03-19,227.503,228.932,225.844,226.837,47150041.290089,11,1,March,Friday,19,3
449,2021-03-22,226.757,233.28,226.629,232.396,30593735.77764,12,1,March,Monday,22,3
448,2021-03-23,233.866,237.37,233.449,233.955,32128521.455333,12,1,March,Tuesday,23,3
447,2021-03-24,234.223,234.371,231.732,231.87,26017036.841946,12,1,March,Wednesday,24,3
446,2021-03-25,231.712,233.319,228.048,228.792,34589545.165441,12,1,March,Thursday,25,3
445,2021-03-26,228.028,233.091,228.028,232.873,25874590.287221,12,1,March,Friday,26,3
444,2021-03-29,232.972,233.181,228.346,231.652,25618281.979561,13,1,March,Monday,29,3
443,2021-03-30,229.964,230.272,227.582,228.317,25176092.884561,13,1,March,Tuesday,30,3
442,2021-03-31,229.359,235.454,228.842,232.179,44299292.041835,13,1,March,Wednesday,31,3
441,2021-04-01,234.838,239.137,234.421,238.65,30807981.778119,13,2,April,Thursday,1,4
440,2021-04-05,239.057,246.146,238.998,245.283,37482434.282006,14,2,April,Monday,5,4
439,2021-04-06,243.833,245.6,243.109,244.081,23287187.263678,14,2,April,Tuesday,6,4
438,2021-04-07,244.032,247.1,243.416,246.086,23071814.108601,14,2,April,Wednesday,7,4
437,2021-04-08,248.916,250.266,248.152,249.392,23991201.579421,14,2,April,Thursday,8,4
436,2021-04-09,249.015,252.073,248.588,251.944,24703708.335218,14,2,April,Friday,9,4
435,2021-04-12,250.822,253.741,250.732,252.004,27569259.671792,15,2,April,Monday,12,4
434,2021-04-13,253.324,255.241,252.907,254.545,24206763.097242,15,2,April,Tuesday,13,4
433,2021-04-14,253.542,254.882,251.269,251.696,23428356.577982,15,2,April,Wednesday,14,4
432,2021-04-15,253.998,255.965,253.801,255.548,26024505.878005,15,2,April,Thursday,15,4
431,2021-04-16,255.518,257.017,253.671,256.768,25264004.899538,15,2,April,Friday,16,4
430,2021-04-19,256.223,257.483,253.89,254.794,23568820.791108,16,2,April,Monday,19,4
429,2021-04-20,253.89,256.233,252.917,254.327,20028425.174561,16,2,April,Tuesday,20,4
428,2021-04-21,254.991,256.71,253.324,256.61,24402665.386911,16,2,April,Wednesday,21,4
427,2021-04-22,256.243,257.782,251.746,253.244,26002847.184367,16,2,April,Thursday,22,4
426,2021-04-23,253.949,257.513,253.344,257.166,21832356.030517,16,2,April,Friday,23,4
425,2021-04-26,257.663,258.427,256.203,257.553,20069522.500413,17,2,April,Monday,26,4
424,2021-04-27,257.583,259.171,256.153,257.97,31494689.88907,17,2,April,Tuesday,27,4
423,2021-04-28,252.162,252.619,249.095,250.673,47629748.818817,17,2,April,Wednesday,28,4
422,2021-04-29,251.567,252.182,245.213,248.658,41217834.695149,17,2,April,Thursday,29,4
421,2021-04-30,245.928,249.224,245.789,248.33,31424503.11044,17,2,April,Friday,30,4
420,2021-05-03,249.542,250.475,247.278,248.013,19930625.62648,18,2,May,Monday,3,5
419,2021-05-04,247.14,247.367,242.007,244.012,33263513.757332,18,2,May,Tuesday,4,5
418,2021-05-05,245.273,245.7,242.066,242.701,22240623.715093,18,2,May,Wednesday,5,5
417,2021-05-06,242.681,246.047,240.964,245.918,26901488.56393,18,2,May,Thursday,6,5
416,2021-05-07,248.3,250.425,247.328,248.608,27451709.232405,18,2,May,Friday,7,5
415,2021-05-10,247.04,247.883,243.346,243.406,29753808.173238,19,2,May,Monday,10,5
414,2021-05-11,240.824,242.831,238.87,242.463,34162769.582209,19,2,May,Tuesday,11,5
413,2021-05-12,238.472,240.657,234.441,235.355,37252689.150328,19,2,May,Wednesday,12,5
412,2021-05-13,238.105,241.847,237.728,239.327,30083242.524157,19,2,May,Thursday,13,5
411,2021-05-14,241.827,245.382,241.738,244.369,24271360.438099,19,2,May,Friday,14,5
410,2021-05-17,242.781,242.821,239.813,241.441,25357008.752315,20,2,May,Monday,17,5
409,2021-05-18,242.503,242.642,239.197,239.375,20480420.212386,20,2,May,Tuesday,18,5
408,2021-05-19,236.198,240.08,235.504,239.971,26078354.455033,20,2,May,Wednesday,19,5
407,2021-05-20,240.794,244.736,240.697,243.277,22087453.578725,20,2,May,Thursday,20,5
406,2021-05-21,244.349,245.113,241.56,241.987,22150616.542326,20,2,May,Friday,21,5
405,2021-05-24,244.568,247.893,244.3,247.516,21693166.035951,21,2,May,Monday,24,5
404,2021-05-25,248.499,249.472,247.556,248.449,17937161.559075,21,2,May,Tuesday,25,5
403,2021-05-26,248.162,249.661,247.487,248.221,18005343.835782,21,2,May,Wednesday,26,5
402,2021-05-27,247.903,248.211,246.017,246.077,24747514.256885,21,2,May,Thursday,27,5
401,2021-05-28,247.735,248.807,246.325,246.434,18515307.256095,21,2,May,Friday,28,5
400,2021-06-01,247.963,248.022,243.753,244.19,23518627.660047,22,2,June,Tuesday,1,6
399,2021-06-02,244.906,246.037,242.642,244.091,19661955.887868,22,2,June,Wednesday,2,6
398,2021-06-03,242.036,243.138,239.852,242.513,25640575.264261,22,2,June,Thursday,3,6
397,2021-06-04,244.548,248.38,244.3,247.526,25613608.166033,22,2,June,Friday,4,6
396,2021-06-07,246.732,250.792,246.563,250.525,23382720.415113,23,2,June,Monday,7,6
395,2021-06-08,251.845,252.679,249.234,249.293,22750341.357279,23,2,June,Tuesday,8,6
394,2021-06-09,250.525,252.202,249.929,250.306,18173562.845882,23,2,June,Wednesday,9,6
393,2021-06-10,250.812,254.118,250.385,253.9,24886697.200439,23,2,June,Thursday,10,6
392,2021-06-11,254.634,255.131,253.274,254.545,19249628.835078,23,2,June,Friday,11,6
391,2021-06-14,254.555,256.58,253.463,256.521,19402387.998187,24,2,June,Monday,14,6
390,2021-06-15,256.411,256.62,254.337,255.011,18276191.32975,24,2,June,Tuesday,15,6
389,2021-06-16,256.034,257.196,251.119,254.038,27577971.7005,24,2,June,Wednesday,16,6
388,2021-06-17,252.738,258.347,252.679,257.503,27928097.749155,24,2,June,Thursday,17,6
387,2021-06-18,256.263,258.893,255.398,256.064,37691525.992868,24,2,June,Friday,18,6
386,2021-06-21,256.451,260.104,254.575,259.22,27047244.057759,25,2,June,Monday,21,6
385,2021-06-22,259.31,262.339,258.993,262.06,25018882.518437,25,2,June,Tuesday,22,6
384,2021-06-23,262.537,263.361,260.997,261.832,19775404.652969,25,2,June,Wednesday,23,6
383,2021-06-24,262.696,264.373,262.021,263.222,21728950.928065,25,2,June,Thursday,24,6
382,2021-06-25,262.765,263.779,261.326,261.584,25947968.152328,25,2,June,Friday,25,6
381,2021-06-28,262.726,265.416,262.457,265.237,19847685.582101,26,2,June,Monday,28,6
380,2021-06-29,265.376,268.115,264.503,267.878,20200046.801491,26,2,June,Tuesday,29,6
379,2021-06-30,267.173,267.838,266.111,267.381,21941297.184511,26,2,June,Wednesday,30,6
378,2021-07-01,266.111,268.305,266.101,268.067,16945306.810956,26,3,July,Thursday,1,7
377,2021-07-02,269.278,274.391,268.959,274.044,26822617.960639,26,3,July,Friday,2,7
376,2021-07-06,274.421,275.751,270.747,274.054,31980732.248247,27,3,July,Tuesday,6,7
375,2021-07-07,275.781,277.051,273.547,276.296,23565963.116759,27,3,July,Wednesday,7,7
374,2021-07-08,273.308,275.115,271.293,273.814,24942392.135268,27,3,July,Thursday,8,7
373,2021-07-09,272.137,274.441,271.74,274.331,24231233.13001,27,3,July,Friday,9,7
372,2021-07-12,275.532,276.138,272.991,273.715,19180698.143835,28,3,July,Monday,12,7
371,2021-07-13,273.914,279.176,273.784,277.329,26463677.139962,28,3,July,Tuesday,13,7
370,2021-07-14,278.69,279.98,276.903,278.847,23417668.251399,28,3,July,Wednesday,14,7
369,2021-07-15,278.343,278.847,276.198,277.379,22901534.188485,28,3,July,Thursday,15,7
368,2021-07-16,278.41,280.417,275.84,277.1,26531275.189977,28,3,July,Friday,16,7
367,2021-07-19,275.314,276.723,270.896,273.417,33368825.65483,29,3,July,Monday,19,7
366,2021-07-20,274.421,277.319,272.674,275.701,26605127.48745,29,3,July,Tuesday,20,7
365,2021-07-21,275.284,277.866,273.685,277.746,24684776.368566,29,3,July,Wednesday,21,7
364,2021-07-22,280.158,282.699,279.742,282.422,23691621.212415,29,3,July,Thursday,22,7
363,2021-07-23,283.643,286.224,282.779,285.906,23067532.12987,29,3,July,Friday,23,7
362,2021-07-26,285.251,285.926,282.919,285.301,23480900.71783,30,3,July,Monday,26,7
361,2021-07-27,285.678,285.808,279.275,282.819,34046057.205937,30,3,July,Tuesday,27,7
360,2021-07-28,285.241,286.383,280.148,282.502,34008346.380318,30,3,July,Wednesday,28,7
359,2021-07-29,282.522,284.874,282.362,282.779,18407255.536873,30,3,July,Thursday,29,7
358,2021-07-30,281.469,282.939,280.228,281.21,21220327.199993,30,3,July,Friday,30,7
357,2021-08-02,282.639,283.056,280.059,281.122,16481315.987504,31,3,August,Monday,2,8
356,2021-08-03,281.707,283.504,280.317,283.395,18114205.414071,31,3,August,Tuesday,3,8
355,2021-08-04,282.502,283.862,280.952,282.789,16404260.516106,31,3,August,Wednesday,4,8
354,2021-08-05,283.156,285.866,282.382,285.758,14082990.881505,31,3,August,Thursday,5,8
353,2021-08-06,284.756,285.738,283.892,285.698,16807530.040609,31,3,August,Friday,6,8
352,2021-08-09,285.986,287.762,284.079,284.586,16329619.5126,32,3,August,Monday,9,8
351,2021-08-10,285.053,285.499,281.499,282.719,18861436.388352,32,3,August,Tuesday,10,8
350,2021-08-11,283.484,284.914,282.144,283.226,14139491.646253,32,3,August,Wednesday,11,8
349,2021-08-12,282.909,286.204,282.62,286.045,14762031.52078,32,3,August,Thursday,12,8
348,2021-08-13,285.718,289.103,285.549,289.053,18489070.44123,32,3,August,Friday,13,8
347,2021-08-16,289.391,290.99,286.254,290.771,22812173.694227,33,3,August,Monday,16,8
346,2021-08-17,288.598,289.629,287.296,289.282,20339293.204152,33,3,August,Tuesday,17,8
345,2021-08-18,288.805,291.545,287.048,287.505,22057657.010194,33,3,August,Wednesday,18,8
344,2021-08-19,285.499,294.176,285.44,293.481,30185287.78862,33,3,August,Thursday,19,8
343,2021-08-20,296.39,302.446,294.762,300.977,41275489.811256,33,3,August,Friday,20,8
342,2021-08-23,299.885,302.009,298.505,301.265,23086238.464145,34,3,August,Monday,23,8
341,2021-08-24,301.632,302.258,298.653,299.27,18379648.811147,34,3,August,Tuesday,24,8
340,2021-08-25,300.917,301.205,297.086,298.663,20230460.837197,34,3,August,Wednesday,25,8
339,2021-08-26,297.65,299.08,295.626,295.764,17864241.002447,34,3,August,Thursday,26,8
338,2021-08-27,295.666,297.532,293.541,296.39,22859289.562286,34,3,August,Friday,27,8
337,2021-08-30,297.78,300.838,297.72,300.222,16531445.659458,35,3,August,Monday,30,8
336,2021-08-31,301.036,301.115,298.157,298.535,26580175.971305,35,3,August,Tuesday,31,8
335,2021-09-01,299.507,301.801,298.147,298.485,19196764.377838,35,3,September,Wednesday,1,9
334,2021-09-02,298.853,300.004,296.846,297.81,16473273.804916,35,3,September,Thursday,2,9
333,2021-09-03,297.63,299.25,296.926,297.8,14917076.218996,35,3,September,Friday,3,9
332,2021-09-07,297.67,297.75,294.901,296.846,17376833.768846,36,3,September,Tuesday,7,9
331,2021-09-08,296.45,297.273,294.166,296.876,15215595.912372,36,3,September,Wednesday,8,9
330,2021-09-09,297.483,298.793,293.71,293.958,20150516.465539,36,3,September,Thursday,9,9
329,2021-09-10,295.109,296.589,292.101,292.43,19853586.27168,36,3,September,Friday,10,9
328,2021-09-13,294.256,295.229,290.81,293.7,23918259.869756,37,3,September,Monday,13,9
327,2021-09-14,296.231,298.048,294.801,296.46,22098558.922291,37,3,September,Tuesday,14,9
326,2021-09-15,299.905,301.929,298.475,301.433,28674371.800407,37,3,September,Wednesday,15,9
325,2021-09-16,300.391,301.919,297.423,301.831,19770112.364979,37,3,September,Thursday,16,9
324,2021-09-17,300.788,301.115,296.202,296.539,41836523.709952,37,3,September,Friday,17,9
323,2021-09-20,293.044,295.398,286.304,291.03,38708026.041763,38,3,September,Monday,20,9
322,2021-09-21,292.41,294.246,290.8,291.525,22614956.894504,38,3,September,Tuesday,21,9
321,2021-09-22,293.431,296.886,291.237,295.268,26925004.695532,38,3,September,Wednesday,22,9
320,2021-09-23,295.526,297.562,294.236,296.231,18813285.028849,38,3,September,Thursday,23,9
319,2021-09-24,294.931,296.469,293.64,296.023,15167218.920491,38,3,September,Friday,24,9
318,2021-09-27,292.857,293.184,289.699,290.9,23836141.771894,39,3,September,Monday,27,9
317,2021-09-28,286.581,287.555,279.613,280.377,43670649.012961,39,3,September,Tuesday,28,9
316,2021-09-29,281.935,283.593,279.87,280.854,26649300.061728,39,3,September,Wednesday,29,9
315,2021-09-30,282.542,284.636,278.5,278.798,32706427.41795,39,3,September,Thursday,30,9
314,2021-10-01,278.997,286.761,278.173,285.886,30423752.000019,39,4,October,Friday,1,10
313,2021-10-04,284.219,284.556,277.14,279.97,31702402.623484,40,4,October,Monday,4,10
312,2021-10-05,280.893,287.178,280.893,285.559,25273366.628619,40,4,October,Tuesday,5,10
311,2021-10-06,282.611,290.374,282.342,289.858,28316658.863068,40,4,October,Wednesday,6,10
310,2021-10-07,291.903,293.352,290.652,291.575,20659635.779013,40,4,October,Thursday,7,10
309,2021-10-08,292.934,293.352,290.493,291.575,17884077.513182,40,4,October,Friday,8,10
308,2021-10-11,289.679,294.673,289.5,290.96,19515103.458062,41,4,October,Monday,11,10
307,2021-10-12,292.061,292.161,289.113,289.639,18175755.710547,41,4,October,Tuesday,12,10
306,2021-10-13,291.634,293.987,290.235,293.024,23686767.094443,41,4,October,Wednesday,13,10
305,2021-10-14,295.883,299.915,294.534,299.398,27568705.663722,41,4,October,Thursday,14,10
304,2021-10-15,298.991,301.066,297.183,300.828,25669539.813402,41,4,October,Friday,15,10
303,2021-10-18,300.202,304.799,299.338,303.886,22984246.585912,42,4,October,Monday,18,10
302,2021-10-19,304.918,305.871,303.816,304.819,17880476.460733,42,4,October,Tuesday,19,10
301,2021-10-20,305.781,306.258,302.714,304.004,16722562.326696,42,4,October,Wednesday,20,10
300,2021-10-21,303.766,307.568,302.962,307.311,17107867.887738,42,4,October,Thursday,21,10
299,2021-10-22,306.954,307.638,304.392,305.731,17645058.286428,42,4,October,Friday,22,10
298,2021-10-25,305.931,305.961,303.062,304.719,17751374.449461,43,4,October,Monday,25,10
297,2021-10-26,307.548,308.928,305.166,306.665,28422623.4828,43,4,October,Tuesday,26,10
296,2021-10-27,312.493,322.48,312.493,319.581,53178567.727921,43,4,October,Wednesday,27,10
295,2021-10-28,320.722,321.269,317.794,320.752,26592922.186043,43,4,October,Thursday,28,10
294,2021-10-29,320.535,328.318,320.305,327.94,35155944.884108,43,4,October,Friday,29,10
293,2021-11-01,327.682,327.811,322.748,325.717,27376856.698545,44,4,November,Monday,1,11
292,2021-11-02,326.649,329.747,326.341,329.43,26784210.09214,44,4,November,Tuesday,2,11
291,2021-11-03,330.193,331.187,326.987,330.293,21741243.863475,44,4,November,Wednesday,3,11
290,2021-11-04,329.19,332.815,325.855,332.715,24261317.782737,44,4,November,Thursday,4,11
289,2021-11-05,334.75,335.029,330.71,332.338,22823262.921195,44,4,November,Friday,5,11
288,2021-11-08,333.559,333.896,330.73,333.252,21131398.83203,45,4,November,Monday,8,11
287,2021-11-09,333.371,334.959,330.82,332.229,21546371.021528,45,4,November,Tuesday,9,11
286,2021-11-10,330.86,330.918,326.263,327.136,25786977.436601,45,4,November,Wednesday,10,11
285,2021-11-11,327.583,330.074,326.848,328.745,17038845.533341,45,4,November,Thursday,11,11
284,2021-11-12,330.213,333.489,330.084,332.994,24098357.820145,45,4,November,Friday,12,11
283,2021-11-15,333.787,334.125,330.323,332.348,16910587.628909,46,4,November,Monday,15,11
282,2021-11-16,331.96,336.895,331.792,335.743,21121116.442268,46,4,November,Tuesday,16,11
281,2021-11-17,335.793,339.01,334.859,335.972,19231913.671603,46,4,November,Wednesday,17,11
280,2021-11-18,335.039,339.268,333.986,338.106,22674020.198394,46,4,November,Thursday,18,11
279,2021-11-19,339.455,341.898,339.019,339.922,22169204.016686,46,4,November,Friday,19,11
278,2021-11-22,341.422,346.426,336.399,336.676,31321879.663009,47,4,November,Monday,22,11
277,2021-11-23,333.916,336.299,330.463,334.542,30712674.259062,47,4,November,Tuesday,23,11
276,2021-11-24,333.162,335.019,330.81,334.77,21864276.968172,47,4,November,Wednesday,24,11
275,2021-11-26,331.246,334.79,325.071,326.621,24444161.598573,47,4,November,Friday,26,11
274,2021-11-29,331.832,335.882,331.633,333.509,28831125.865339,48,4,November,Monday,29,11
273,2021-11-30,332.209,334.642,325.934,327.523,43287454.726306,48,4,November,Tuesday,30,11
272,2021-12-01,332.02,336.131,326.331,327.017,33714120.753122,48,4,December,Wednesday,1,12
271,2021-12-02,327.235,330.393,324.764,326.431,31054262.539728,48,4,December,Thursday,2,12
270,2021-12-03,328.903,329.608,315.074,320.008,42170757.785322,48,4,December,Friday,3,12
269,2021-12-06,320.942,324.406,316.266,323.165,30313965.731898,49,4,December,Monday,6,12
268,2021-12-07,328.566,332.685,327.037,331.812,31312616.648093,49,4,December,Tuesday,7,12
267,2021-12-08,332.199,332.387,327.731,331.862,24993002.283312,49,4,December,Wednesday,8,12
266,2021-12-09,331.306,333.361,329.033,330.006,22422308.143133,49,4,December,Thursday,9,12
265,2021-12-10,331.872,339.814,331.683,339.358,38452656.525958,49,4,December,Friday,10,12
264,2021-12-13,337.521,340.598,335.932,336.249,29170223.124268,50,4,December,Monday,13,12
263,2021-12-14,330.124,331.534,321.1,325.29,44855097.111645,50,4,December,Tuesday,14,12
262,2021-12-15,325.558,332.08,321.488,331.544,35712649.461566,50,4,December,Wednesday,15,12
261,2021-12-16,332.597,333.639,320.018,321.885,35363113.683327,50,4,December,Thursday,16,12
260,2021-12-17,317.903,321.905,314.309,320.792,48433328.457449,50,4,December,Friday,17,12
259,2021-12-20,317.079,319.799,314.617,316.94,28591956.552761,51,4,December,Monday,20,12
258,2021-12-21,320.285,324.684,316.831,324.247,24972420.379902,51,4,December,Tuesday,21,12
257,2021-12-22,325.25,330.511,322.728,330.104,25064168.145292,51,4,December,Wednesday,22,12
256,2021-12-23,329.657,333.272,329.637,331.584,19801670.679168,51,4,December,Thursday,23,12
255,2021-12-27,332.348,339.298,332.318,339.268,20133935.507676,52,4,December,Monday,27,12
254,2021-12-28,339.962,340.618,337.163,338.086,15808217.336592,52,4,December,Tuesday,28,12
253,2021-12-29,338.136,341.105,336.528,338.771,15182901.377996,52,4,December,Wednesday,29,12
252,2021-12-30,338.731,339.942,335.673,336.17,16144342.09041,52,4,December,Thursday,30,12
251,2021-12-31,335.366,336.2,332.735,333.202,18169467.215319,52,4,December,Friday,31,12
250,2022-01-03,332.239,334.859,326.719,331.643,29188979.822913,1,1,January,Monday,3,1
249,2022-01-04,331.723,332.09,323.095,325.954,32980470.027546,1,1,January,Tuesday,4,1
248,2022-01-05,322.837,323.046,313.049,313.446,40429642.378814,1,1,January,Wednesday,5,1
247,2022-01-06,310.24,315.739,308.601,310.964,40017638.665279,1,1,January,Thursday,6,1
246,2022-01-07,311.233,313.565,307.211,311.123,33026609.834114,1,1,January,Friday,7,1
245,2022-01-10,306.615,311.797,301.859,311.351,44704466.346809,2,1,January,Monday,10,1
244,2022-01-11,310.467,313.674,307.012,312.057,29662132.932539,2,1,January,Tuesday,11,1
243,2022-01-12,316.702,320.405,314.141,315.312,34694289.960134,2,1,January,Wednesday,12,1
242,2022-01-13,317.486,317.903,301.175,301.969,45791065.54033,2,1,January,Thursday,13,1
241,2022-01-14,301.423,307.936,300.927,307.321,40219781.100379,2,1,January,Friday,14,1
240,2022-01-18,301.245,306.924,298.942,299.845,42831726.681384,3,1,January,Tuesday,18,1
239,2022-01-19,303.449,310.994,299.895,300.51,46364262.434361,3,1,January,Wednesday,19,1
238,2022-01-20,306.198,308.76,298.346,298.803,35712198.196812,3,1,January,Thursday,20,1
237,2022-01-21,299.875,301.285,292.867,293.283,58527726.158075,3,1,January,Friday,21,1
236,2022-01-24,289.49,294.354,273.487,293.621,86841558.572704,4,1,January,Monday,24,1
235,2022-01-25,288.815,292.25,282.522,285.808,73531241.737874,4,1,January,Tuesday,25,1
234,2022-01-26,305.127,305.633,290.314,293.958,91276186.671872,4,1,January,Wednesday,26,1
233,2022-01-27,299.855,304.451,295.169,297.056,53982445.523623,4,1,January,Thursday,27,1
232,2022-01-28,297.443,305.613,291.714,305.394,50209804.688076,4,1,January,Friday,28,1
231,2022-01-31,306.079,309.485,303.529,308.095,46879728.66573,5,1,January,Monday,31,1
230,2022-02-01,307.528,307.748,302.297,305.891,41334107.894115,5,1,February,Tuesday,1,2
229,2022-02-02,306.755,312.194,306.011,310.547,36979274.080782,5,1,February,Wednesday,2,2
228,2022-02-03,306.615,308.343,297.174,298.455,44139728.652349,5,1,February,Thursday,3,2
227,2022-02-04,297.423,305.931,297.183,303.102,35425347.927946,5,1,February,Friday,4,2
226,2022-02-07,303.329,304.978,297.116,298.157,28800647.363238,6,1,February,Monday,7,2
225,2022-02-08,298.455,302.724,297.164,301.732,32724979.637253,6,1,February,Tuesday,8,2
224,2022-02-09,306.993,309.038,304.541,308.323,31577813.259757,6,1,February,Wednesday,9,2
223,2022-02-10,301.215,306.248,297.909,299.577,45811475.197594,6,1,February,Thursday,10,2
222,2022-02-11,300.371,301.462,291.487,292.3,39542701.64967,6,1,February,Friday,11,2
221,2022-02-14,291.039,294.007,288.647,292.26,36700181.939459,7,1,February,Monday,14,2
220,2022-02-15,297.223,298.008,294.266,297.68,27636038.797152,7,1,February,Tuesday,15,2
219,2022-02-16,296.206,298.693,291.555,297.333,30200612.6591,7,1,February,Wednesday,16,2
218,2022-02-17,294.216,294.653,287.902,288.627,32698140.464525,7,1,February,Thursday,17,2
217,2022-02-18,290.93,291.734,284.234,285.847,34513703.475357,7,1,February,Friday,18,2
216,2022-02-22,282.939,289.431,282.442,285.638,42040264.710153,8,1,February,Tuesday,22,2
215,2022-02-23,288.081,289.59,278.073,278.243,38086712.036001,8,1,February,Wednesday,23,2
214,2022-02-24,270.539,293.024,269.555,292.458,57404992.543713,8,1,February,Thursday,24,2
213,2022-02-25,293.004,295.476,289.545,295.159,32783901.920907,8,1,February,Friday,25,2
212,2022-02-28,292.181,296.976,290.88,296.629,34879801.073,9,1,February,Monday,28,2
211,2022-03-01,294.256,297.8,290.037,292.817,31445274.383882,9,1,March,Tuesday,1,3
210,2022-03-02,293.224,299.289,291.573,298.018,32105278.298615,9,1,March,Wednesday,2,3
209,2022-03-03,300.699,300.937,291.923,293.779,27513520.416316,9,1,March,Thursday,3,3
208,2022-03-04,292.161,293.521,285.088,287.762,32605545.570431,9,1,March,Friday,4,3
207,2022-03-07,286.443,287.595,276.515,276.893,43471681.54774,10,1,March,Monday,7,3
206,2022-03-08,275.79,281.906,268.047,273.854,48510432.278643,10,1,March,Tuesday,8,3
205,2022-03-09,281.389,287.505,278.749,286.413,35461029.069458,10,1,March,Wednesday,9,3
204,2022-03-10,280.972,284.526,278.55,283.523,30851210.524107,10,1,March,Thursday,10,3
203,2022-03-11,285.876,287.415,277.409,278.043,27407615.226542,10,1,March,Friday,11,3
202,2022-03-14,278.313,283.335,273.824,274.441,30884184.077092,11,1,March,Monday,14,3
201,2022-03-15,278.323,285.738,276.708,285.073,34494642.575918,11,1,March,Tuesday,15,3
200,2022-03-16,287.018,292.44,281.152,292.26,38101984.527534,11,1,March,Wednesday,16,3
199,2022-03-17,291.167,293.471,287.276,293.084,31041206.08047,11,1,March,Thursday,17,3
198,2022-03-18,293.234,298.823,290.612,298.256,43706829.769022,11,1,March,Friday,18,3
197,2022-03-21,296.727,297.969,292.767,296.996,28557851.816028,12,1,March,Monday,21,3
196,2022-03-22,297.63,302.793,296.609,301.859,27800818.928074,12,1,March,Tuesday,22,3
195,2022-03-23,298.336,301.036,295.566,297.323,25902775.195915,12,1,March,Wednesday,23,3
194,2022-03-24,296.976,301.999,296.157,301.899,24662883.984251,12,1,March,Thursday,24,3
193,2022-03-25,303.022,303.289,297.121,301.482,22730903.732354,12,1,March,Friday,25,3
192,2022-03-28,302.129,308.551,302.129,308.452,29793736.038421,13,1,March,Monday,28,3
191,2022-03-29,311.64,313.535,306.814,313.128,30614891.834867,13,1,March,Tuesday,29,3
190,2022-03-30,311.49,313.664,309.326,311.59,28368794.044232,13,1,March,Wednesday,30,3
189,2022-03-31,311.63,312.86,305.663,306.079,33665629.937766,13,1,March,Thursday,31,3
188,2022-04-01,307.131,307.886,303.329,307.181,27308094.224297,13,2,April,Friday,1,4
187,2022-04-04,307.846,312.83,307.469,312.691,24513213.164304,14,2,April,Monday,4,4
186,2022-04-05,311.004,312.587,307.628,308.631,23325471.235828,14,2,April,Tuesday,5,4
185,2022-04-06,302.982,304.779,294.564,297.333,40402672.258723,14,2,April,Wednesday,6,4
184,2022-04-07,294.514,301.452,294.206,299.19,31640060.599113,14,2,April,Thursday,7,4
183,2022-04-08,298.266,298.942,294.137,294.821,24539451.993744,14,2,April,Friday,8,4
182,2022-04-11,289.679,290.493,282.939,283.196,34821183.997428,15,2,April,Monday,11,4
181,2022-04-12,287.143,288.636,278.46,280.02,31192387.831514,15,2,April,Tuesday,12,4
180,2022-04-13,280.685,286.492,279.265,285.539,22066822.318232,15,2,April,Wednesday,13,4
179,2022-04-14,286.006,286.219,277.3,277.806,28427269.092281,15,2,April,Thursday,14,4
178,2022-04-18,276.893,280.417,276.326,278.49,20929417.562913,16,2,April,Monday,18,4
177,2022-04-19,277.359,284.099,276.396,283.236,22460212.367933,16,2,April,Tuesday,19,4
176,2022-04-20,287.306,287.604,283.306,284.289,23073597.007295,16,2,April,Wednesday,20,4
175,2022-04-21,286.492,291.177,278.033,278.778,29669234.308699,16,2,April,Thursday,21,4
174,2022-04-22,279.642,281.152,271.402,272.047,29620089.76382,16,2,April,Friday,22,4
173,2022-04-25,271.312,279.077,268.811,278.69,35938858.007188,17,2,April,Monday,25,4
172,2022-04-26,275.493,276.346,268.047,268.265,46857443.439329,17,2,April,Tuesday,26,4
171,2022-04-27,280.059,288.865,277.14,281.171,63940281.242505,17,2,April,Wednesday,27,4
170,2022-04-28,283.121,288.875,279.42,287.535,33891765.958695,17,2,April,Thursday,28,4
169,2022-04-29,286.522,287.782,274.5,275.513,37344095.445291,17,2,April,Friday,29,4
168,2022-05-02,275.701,282.879,274.221,282.412,35407265.104571,18,2,May,Monday,2,5
167,2022-05-03,281.906,282.075,278.123,279.742,26167921.443207,18,2,May,Tuesday,3,5
166,2022-05-04,280.545,288.775,274.728,287.882,33844171.629123,18,2,May,Wednesday,4,5
165,2022-05-05,283.475,284.279,272.355,275.344,43575641.665549,18,2,May,Thursday,5,5
164,2022-05-06,272.816,277.23,269.308,272.742,38055642.256198,18,2,May,Friday,6,5
163,2022-05-09,268.105,270.389,261.415,262.666,48073750.023849,19,2,May,Monday,9,5
162,2022-05-10,269.725,271.77,263.152,267.55,39623084.191346,19,2,May,Tuesday,10,5
161,2022-05-11,263.759,269.397,257.424,258.665,49332804.878266,19,2,May,Wednesday,11,5
160,2022-05-12,255.825,258.0,248.211,253.503,51405705.64448,19,2,May,Thursday,12,5
159,2022-05-13,255.488,261.137,253.503,259.23,35179606.065096,19,2,May,Friday,13,5
158,2022-05-16,258.075,263.896,253.929,259.607,32788144.615429,20,2,May,Monday,16,5
157,2022-05-17,264.185,266.388,260.561,264.889,29038885.94226,20,2,May,Tuesday,17,5
156,2022-05-18,261.705,262.303,251.526,252.829,31511096.817166,20,2,May,Wednesday,18,5
155,2022-05-19,252.65,256.401,250.64,251.894,32854008.232256,20,2,May,Thursday,19,5
154,2022-05-20,255.974,257.267,245.227,251.317,39393190.031572,20,2,May,Friday,20,5
153,2022-05-23,254.233,260.213,252.182,259.367,33339490.997179,21,2,May,Monday,23,5
152,2022-05-24,256.621,260.043,252.252,258.342,29187578.412622,21,2,May,Tuesday,24,5
151,2022-05-25,256.869,263.278,255.859,261.228,28689168.012051,21,2,May,Wednesday,25,5
150,2022-05-26,260.979,265.795,260.143,264.591,25125785.437388,21,2,May,Thursday,26,5
149,2022-05-27,267.158,271.994,266.243,271.895,27043928.401356,21,2,May,Friday,27,5
148,2022-05-31,271.189,273.417,267.606,270.532,38014821.078504,22,2,May,Tuesday,31,5
147,2022-06-01,273.84,276.323,268.711,271.079,25417289.351,22,2,June,Wednesday,1,6
146,2022-06-02,263.148,273.298,260.312,273.228,44225908.851184,22,2,June,Thursday,2,6
145,2022-06-03,268.979,272.104,267.088,268.691,28197760.080789,22,2,June,Friday,3,6
144,2022-06-06,270.721,272.83,265.905,267.427,22511152.033644,23,2,June,Monday,6,6
143,2022-06-07,265.322,271.785,264.631,271.159,22973764.21927,23,2,June,Tuesday,7,6
142,2022-06-08,270.372,271.656,268.283,269.079,17458278.513395,23,2,June,Wednesday,8,6
141,2022-06-09,266.462,271.365,263.327,263.486,26570520.072246,23,2,June,Thursday,9,6
140,2022-06-10,259.297,259.297,251.287,251.745,31601397.316915,23,2,June,Friday,10,6
139,2022-06-13,243.904,247.799,240.341,241.068,46364012.561055,24,2,June,Monday,13,6
138,2022-06-14,242.659,244.53,240.321,243.286,28793220.203824,24,2,June,Tuesday,14,6
137,2022-06-15,247.088,254.043,245.207,250.521,33275526.133297,24,2,June,Wednesday,15,6
136,2022-06-16,244.769,246.199,241.823,243.764,33333241.233024,24,2,June,Thursday,16,6
135,2022-06-17,243.496,249.267,242.829,246.431,43297911.831707,24,2,June,Friday,17,6
134,2022-06-21,249.023,253.496,248.282,252.491,30076346.328776,25,2,June,Tuesday,21,6
133,2022-06-22,250.65,255.904,249.138,251.884,26089639.963672,25,2,June,Wednesday,22,6
132,2022-06-23,254.312,258.094,252.382,257.586,25989380.441125,25,2,June,Thursday,23,6
131,2022-06-24,260.519,266.661,260.432,266.382,34091042.472182,25,2,June,Friday,24,6
130,2022-06-27,266.885,266.98,261.984,263.586,24736880.069932,26,2,June,Monday,27,6
129,2022-06-28,262.681,265.596,255.058,255.218,27515691.632552,26,2,June,Tuesday,28,6
128,2022-06-29,256.322,260.68,254.501,258.979,20169120.499131,26,2,June,Wednesday,29,6
127,2022-06-30,255.785,258.252,251.655,255.566,31887834.288756,26,2,June,Thursday,30,6
126,2022-07-01,255.128,258.492,253.357,258.302,22950665.51705,26,3,July,Friday,1,7
125,2022-07-05,254.899,261.686,253.486,261.556,23085270.101466,27,3,July,Tuesday,5,7
124,2022-07-06,262.451,266.67,261.108,264.899,23942273.659135,27,3,July,Wednesday,6,7
123,2022-07-07,263.815,267.73,263.716,267.078,20963063.645039,27,3,July,Thursday,7,7
122,2022-07-08,263.486,266.78,261.989,266.342,19755998.928612,27,3,July,Friday,8,7
121,2022-07-11,264.342,265.218,260.89,263.208,19615665.142483,28,3,July,Monday,11,7
120,2022-07-12,264.571,264.631,250.799,252.422,36045884.083427,28,3,July,Tuesday,12,7
119,2022-07-13,248.958,252.302,246.888,251.476,29643340.880853,28,3,July,Wednesday,13,7
118,2022-07-14,249.336,253.882,244.729,252.829,25227001.669289,28,3,July,Thursday,14,7
117,2022-07-15,254.461,259.088,253.519,255.456,29921336.299566,28,3,July,Friday,15,7
116,2022-07-18,258.472,259.557,252.053,252.998,21078793.31864,29,3,July,Monday,18,7
115,2022-07-19,256.307,258.442,252.432,258.252,25136294.166086,29,3,July,Tuesday,19,7
114,2022-07-20,258.62,263.566,257.636,260.979,22901011.095614,29,3,July,Wednesday,20,7
113,2022-07-21,258.511,263.586,255.765,263.536,22515506.468132,29,3,July,Thursday,21,7
112,2022-07-22,263.934,264.024,257.794,259.079,21989532.386704,29,3,July,Friday,22,7
111,2022-07-25,259.71,260.213,255.546,257.556,21160157.831433,30,3,July,Monday,25,7
110,2022-07-26,258.581,258.601,248.341,250.66,39542603.512047,30,3,July,Tuesday,26,7
109,2022-07-27,259.875,268.721,257.576,267.417,46221572.406432,30,3,July,Wednesday,27,7
108,2022-07-28,268.423,276.472,266.552,275.05,33624843.631423,30,3,July,Thursday,28,7
107,2022-07-29,276.333,280.612,275.268,279.358,32311805.264939,30,3,July,Friday,29,7
106,2022-08-01,276.453,279.895,274.482,276.641,21646132.015343,31,3,August,Monday,1,8
105,2022-08-02,274.641,276.522,271.039,273.467,22866744.419594,31,3,August,Tuesday,2,8
104,2022-08-03,275.398,282.105,275.248,281.08,23635217.188832,31,3,August,Wednesday,3,8
103,2022-08-04,280.413,282.403,278.788,282.254,18188198.508506,31,3,August,Thursday,4,8
102,2022-08-05,277.776,282.254,277.308,281.518,16857586.637314,31,3,August,Friday,5,8
101,2022-08-08,282.651,284.512,277.945,278.94,18850609.192369,32,3,August,Monday,8,8
100,2022-08-09,278.264,281.686,276.243,280.91,23521019.054156,32,3,August,Tuesday,9,8
99,2022-08-10,286.752,288.383,285.527,287.737,24809970.855714,32,3,August,Wednesday,10,8
98,2022-08-11,289.418,289.776,285.1,285.607,20165200.20166,32,3,August,Thursday,11,8
97,2022-08-12,287.06,290.473,285.527,290.473,22731570.030341,32,3,August,Friday,12,8
96,2022-08-15,289.568,292.732,288.682,292.025,18175120.130838,33,3,August,Monday,15,8
95,2022-08-16,290.553,292.592,288.991,291.269,18192433.354325,33,3,August,Tuesday,16,8
94,2022-08-17,288.926,292.526,288.657,290.501,18304799.350667,33,3,August,Wednesday,17,8
93,2022-08-18,289.373,291.09,288.268,289.355,17234625.878813,33,3,August,Thursday,18,8
92,2022-08-19,288.088,288.437,284.758,285.346,20628003.170792,33,3,August,Friday,19,8
91,2022-08-22,281.287,281.666,276.441,276.969,25131696.746595,34,3,August,Monday,22,8
90,2022-08-23,275.663,278.076,274.626,275.663,17576804.491649,34,3,August,Tuesday,23,8
89,2022-08-24,274.636,276.451,274.337,275.015,18188132.485773,34,3,August,Wednesday,24,8
88,2022-08-25,276.551,278.236,273.749,278.066,16630142.118806,34,3,August,Thursday,25,8
87,2022-08-26,278.296,279.552,267.227,267.337,27626946.060277,34,3,August,Friday,26,8
86,2022-08-29,265.103,266.649,263.109,264.485,20395861.791826,35,3,August,Monday,29,8
85,2022-08-30,265.921,266.3,259.927,262.231,22831232.831646,35,3,August,Tuesday,30,8
84,2022-08-31,264.644,266.359,260.596,260.735,24861701.989576,35,3,August,Wednesday,31,8
83,2022-09-01,258.143,260.157,254.692,259.668,23328991.666251,35,3,September,Thursday,1,9
82,2022-09-02,260.96,263.996,253.755,255.34,22919790.702799,35,3,September,Friday,2,9
81,2022-09-06,255.48,257.105,251.232,252.538,21388348.944478,36,3,September,Tuesday,6,9
80,2022-09-07,253.984,258.103,252.508,257.365,24194693.518516,36,3,September,Wednesday,7,9
79,2022-09-08,256.786,259.698,254.074,257.793,20377176.280573,36,3,September,Thursday,8,9
78,2022-09-09,259.768,264.485,259.559,263.717,22155452.709916,36,3,September,Friday,9,9
77,2022-09-12,265.033,266.698,264.415,265.901,18800524.469991,37,3,September,Monday,12,9
76,2022-09-13,258.113,259.668,250.883,251.282,33447313.8405,37,3,September,Tuesday,13,9
75,2022-09-14,252.818,253.516,249.158,251.511,23980345.142616,37,3,September,Wednesday,14,9
74,2022-09-15,249.068,250.693,243.334,244.69,31619808.063608,37,3,September,Thursday,15,9
73,2022-09-16,243.574,244.611,241.382,244.052,39903908.587576,37,3,September,Friday,16,9
72,2022-09-19,241.784,244.451,240.173,243.833,26902534.270636,38,3,September,Monday,19,9
71,2022-09-20,241.385,242.826,238.967,241.769,26735432.670733,38,3,September,Tuesday,20,9
70,2022-09-21,243.584,246.964,238.229,238.278,28706229.132529,38,3,September,Wednesday,21,9
69,2022-09-22,237.202,243.175,236.902,240.303,31148698.119468,38,3,September,Thursday,22,9
68,2022-09-23,238.867,240.452,234.539,237.251,34272362.446339,38,3,September,Friday,23,9
67,2022-09-26,236.379,240.771,236.234,236.783,27772237.367462,39,3,September,Monday,26,9
66,2022-09-27,239.306,241.12,233.841,235.746,27094875.801453,39,3,September,Tuesday,27,9
65,2022-09-28,236.145,241.649,234.07,240.393,29111490.02333,39,3,September,Wednesday,28,9
64,2022-09-29,238.189,239.276,233.751,236.833,27561688.669668,39,3,September,Thursday,29,9
63,2022-09-30,237.62,239.864,232.076,232.245,35795426.661537,39,3,September,Friday,30,9
62,2022-10-03,234.748,240.931,234.001,240.063,28961747.20622,40,4,October,Monday,3,10
61,2022-10-04,244.401,249.656,244.287,248.181,34986738.031578,40,4,October,Tuesday,4,10
60,2022-10-05,245.299,249.876,243.414,248.5,20404478.005676,40,4,October,Wednesday,5,10
59,2022-10-06,247.233,249.636,245.388,246.096,20296925.755271,40,4,October,Thursday,6,10
58,2022-10-07,240.225,240.642,232.515,233.582,37876043.748474,40,4,October,Friday,7,10
57,2022-10-10,232.395,233.9,226.093,228.606,29827431.007758,41,4,October,Monday,10,10
56,2022-10-11,226.98,228.416,223.48,224.777,30559835.258338,41,4,October,Tuesday,11,10
55,2022-10-12,224.767,227.22,223.331,225.116,21965666.359837,41,4,October,Wednesday,12,10
54,2022-10-13,219.232,235.436,218.514,233.582,42671736.920741,41,4,October,Thursday,13,10
53,2022-10-14,234.878,236.573,227.698,227.918,30283693.225842,41,4,October,Friday,14,10
52,2022-10-17,235.157,238.288,234.474,236.862,28221578.134429,42,4,October,Monday,17,10
51,2022-10-18,242.556,243.244,234.709,237.83,26403792.67421,42,4,October,Tuesday,18,10
50,2022-10-19,236.374,238.937,233.632,235.815,20042021.40631,42,4,October,Wednesday,19,10
49,2022-10-20,235.107,240.632,234.21,235.486,21872482.488394,42,4,October,Thursday,20,10
48,2022-10-21,234.08,242.317,233.841,241.44,26373850.528824,42,4,October,Friday,21,10
47,2022-10-24,243.075,247.144,240.617,246.555,24981416.418937,43,4,October,Monday,24,10
46,2022-10-25,246.565,250.335,245.139,249.956,34873508.827424,43,4,October,Tuesday,25,10
45,2022-10-26,230.52,237.63,229.413,230.67,82917867.242335,43,4,October,Wednesday,26,10
44,2022-10-27,230.391,233.033,225.145,226.113,40538569.152424,43,4,October,Thursday,27,10
43,2022-10-28,225.604,235.935,225.415,235.207,40762276.83045,43,4,October,Friday,28,10
42,2022-10-31,233.103,234.26,230.5,231.478,28437181.035878,44,4,October,Monday,31,10
41,2022-11-01,233.941,235.078,226.686,227.529,30678485.697603,44,4,November,Tuesday,1,11
40,2022-11-02,228.815,230.65,219.422,219.481,38515246.076885,44,4,November,Wednesday,2,11
39,2022-11-03,219.471,219.791,213.379,213.648,36737163.191452,44,4,November,Thursday,3,11
38,2022-11-04,216.939,220.967,212.831,220.768,36892741.407584,44,4,November,Friday,4,11
37,2022-11-07,221.366,227.768,220.658,227.23,33592382.522047,45,4,November,Monday,7,11
36,2022-11-08,228.057,230.999,225.205,228.227,28271999.832801,45,4,November,Tuesday,8,11
35,2022-11-09,226.731,227.99,223.7,223.879,27931404.66988,45,4,November,Wednesday,9,11
34,2022-11-10,234.768,242.646,234.34,242.297,46398412.870523,45,4,November,Thursday,10,11
33,2022-11-11,242.307,247.293,241.25,246.416,34717812.278746,45,4,November,Friday,11,11
32,2022-11-14,241.305,243.225,238.538,240.871,31211051.348612,46,4,November,Monday,14,11
31,2022-11-15,244.97,246.306,239.355,241.29,31478580.175712,46,4,November,Tuesday,15,11
30,2022-11-16,242.79,243.8,240.42,241.73,24093272.0,46,4,November,Wednesday,16,11
29,2022-11-17,237.78,243.25,237.63,241.68,23123544.0,46,4,November,Thursday,17,11
28,2022-11-18,243.51,243.74,239.03,241.22,27613523.0,46,4,November,Friday,18,11
27,2022-11-21,241.43,244.67,241.19,242.05,26394700.0,47,4,November,Monday,21,11
26,2022-11-22,243.59,245.31,240.71,245.03,19665699.0,47,4,November,Tuesday,22,11
25,2022-11-23,245.105,248.28,244.27,247.58,19508462.0,47,4,November,Wednesday,23,11
24,2022-11-25,247.31,248.7,246.73,247.49,9200772.0,47,4,November,Friday,25,11
23,2022-11-28,246.08,246.65,240.8,241.76,24810271.0,48,4,November,Monday,28,11
22,2022-11-29,241.4,242.79,238.21,240.33,17956313.0,48,4,November,Tuesday,29,11
21,2022-11-30,240.57,255.33,239.86,255.14,47594239.0,48,4,November,Wednesday,30,11
20,2022-12-01,253.87,256.12,250.9156,254.69,26041524.0,48,4,December,Thursday,1,12
19,2022-12-02,249.82,256.06,249.69,255.02,21528520.0,48,4,December,Friday,2,12
18,2022-12-05,252.01,253.819,248.06,250.2,23435294.0,49,4,December,Monday,5,12
17,2022-12-06,250.82,251.86,243.78,245.12,22463727.0,49,4,December,Tuesday,6,12
16,2022-12-07,244.83,246.16,242.205,244.37,20481522.0,49,4,December,Wednesday,7,12
15,2022-12-08,244.84,248.74,243.06,247.4,22611757.0,49,4,December,Thursday,8,12
14,2022-12-09,244.695,248.31,244.16,245.42,20609743.0,49,4,December,Friday,9,12
13,2022-12-12,247.445,252.54,247.17,252.51,30665069.0,50,4,December,Monday,12,12
12,2022-12-13,261.69,263.915,253.07,256.92,42196884.0,50,4,December,Tuesday,13,12
11,2022-12-14,257.13,262.588,254.31,257.22,35410933.0,50,4,December,Wednesday,14,12
10,2022-12-15,253.72,254.2,247.34,249.01,35568093.0,50,4,December,Thursday,15,12
9,2022-12-16,248.55,249.84,243.51,244.69,86101994.0,50,4,December,Friday,16,12
8,2022-12-19,244.86,245.21,238.71,240.45,29696436.0,51,4,December,Monday,19,12
7,2022-12-20,239.4,242.91,238.42,241.8,25150802.0,51,4,December,Tuesday,20,12
6,2022-12-21,241.69,245.615,240.11,244.43,23690607.0,51,4,December,Wednesday,21,12
5,2022-12-22,241.255,241.99,233.87,238.19,28651664.0,51,4,December,Thursday,22,12
4,2022-12-23,236.11,238.87,233.9428,238.73,21206982.0,51,4,December,Friday,23,12
3,2022-12-27,238.7,238.93,235.83,236.96,16688648.0,52,4,December,Tuesday,27,12
2,2022-12-28,236.89,239.72,234.17,234.53,17457104.0,52,4,December,Wednesday,28,12
1,2022-12-29,235.65,241.92,235.65,241.01,19770693.0,52,4,December,Thursday,29,12
0,2022-12-30,238.21,239.96,236.66,239.82,21938472.0,52,4,December,Friday,30,12
